model_a,display_a,model_b,display_b,stat,metric,level,population,relation,diff_point,ci_low,ci_high,excludes_zero,n_valid
gpt-5.2,GPT-5.2,claude-opus-4-6,Claude Opus 4.6,csr|csr,csr,csr,,,-0.005999999999999894,-0.027999999999999914,0.014999999999999902,False,1000
gpt-5.2,GPT-5.2,claude-opus-4-6,Claude Opus 4.6,element_f1|micro|compiled_only,element_f1,micro,compiled_only,,-0.0011425074495573506,-0.015412384201465554,0.014607552497547251,False,1000
gpt-5.2,GPT-5.2,claude-opus-4-6,Claude Opus 4.6,element_f1|macro|compiled_only,element_f1,macro,compiled_only,,-0.004669285831447212,-0.012731254637328684,0.0034895101452734017,False,1000
gpt-5.2,GPT-5.2,claude-opus-4-6,Claude Opus 4.6,relationship_f1|micro|compiled_only,relationship_f1,micro,compiled_only,,0.07890264103515587,0.05254880563920718,0.1079893598232052,True,1000
gpt-5.2,GPT-5.2,claude-opus-4-6,Claude Opus 4.6,relationship_f1|macro|compiled_only,relationship_f1,macro,compiled_only,,0.03672171421419923,0.021025598314975726,0.05155713772887333,True,1000
gpt-5.2,GPT-5.2,claude-opus-4-6,Claude Opus 4.6,chrf|macro|compiled_only,chrf,macro,compiled_only,,-2.7106583485052766,-3.485811083590941,-1.9422212580198788,True,1000
gpt-5.2,GPT-5.2,claude-opus-4-6,Claude Opus 4.6,element_f1|micro|zeros_for_failed,element_f1,micro,zeros_for_failed,,-0.01191875529183839,-0.029401567443280957,0.00792339742743449,False,1000
gpt-5.2,GPT-5.2,claude-opus-4-6,Claude Opus 4.6,element_f1|macro|zeros_for_failed,element_f1,macro,zeros_for_failed,,-0.010112463460214771,-0.029896503183453455,0.010055486580573965,False,1000
gpt-5.2,GPT-5.2,claude-opus-4-6,Claude Opus 4.6,relationship_f1|micro|zeros_for_failed,relationship_f1,micro,zeros_for_failed,,0.06417114687005854,0.03894900240378466,0.09033525564487045,True,1000
gpt-5.2,GPT-5.2,claude-opus-4-6,Claude Opus 4.6,relationship_f1|macro|zeros_for_failed,relationship_f1,macro,zeros_for_failed,,0.03139606500266612,0.010684053425425078,0.05455079327104002,True,1000
gpt-5.2,GPT-5.2,claude-opus-4-6,Claude Opus 4.6,chrf|macro|zeros_for_failed,chrf,macro,zeros_for_failed,,-2.953277427831601,-4.503942054714878,-1.420146008689117,True,1000
gpt-5.2,GPT-5.2,claude-opus-4-6,Claude Opus 4.6,type_accuracy|accuracy|compiled_only,type_accuracy,accuracy,compiled_only,,-0.008387507654623372,-0.024484409058811087,0.006255311801259862,False,1000
gpt-5.2,GPT-5.2,claude-opus-4-6,Claude Opus 4.6,relationship_f1::inheritance|micro|compiled_only,relationship_f1,micro,compiled_only,inheritance,-0.03438921011840845,-0.06730697131981038,0.004583146730482679,False,1000
gpt-5.2,GPT-5.2,claude-opus-4-6,Claude Opus 4.6,relationship_f1::composition|micro|compiled_only,relationship_f1,micro,compiled_only,composition,0.16198872751536836,0.06864820678637373,0.2503474076684193,True,1000
gpt-5.2,GPT-5.2,claude-opus-4-6,Claude Opus 4.6,relationship_f1::aggregation|micro|compiled_only,relationship_f1,micro,compiled_only,aggregation,0.10495195861049522,0.004316485974702692,0.1982994563868437,True,1000
gpt-5.2,GPT-5.2,claude-opus-4-6,Claude Opus 4.6,relationship_f1::dependency|micro|compiled_only,relationship_f1,micro,compiled_only,dependency,0.03327021325953139,-0.07155905633499972,0.13072863910111823,False,1000
gpt-5.2,GPT-5.2,claude-opus-4-6,Claude Opus 4.6,relationship_f1::association|micro|compiled_only,relationship_f1,micro,compiled_only,association,0.06313611519739759,0.013295913920602094,0.11045471795457111,True,1000
gpt-5.2,GPT-5.2,claude-opus-4-6,Claude Opus 4.6,relationship_f1::message|micro|compiled_only,relationship_f1,micro,compiled_only,message,0.0998003534599613,0.0654678491595401,0.13930439865150843,True,1000
gpt-5.2,GPT-5.2,claude-opus-4-6,Claude Opus 4.6,relationship_f1::inheritance|micro|zeros_for_failed,relationship_f1,micro,zeros_for_failed,inheritance,-0.04898274009900694,-0.09217459904379575,-0.00627657263097629,True,1000
gpt-5.2,GPT-5.2,claude-opus-4-6,Claude Opus 4.6,relationship_f1::composition|micro|zeros_for_failed,relationship_f1,micro,zeros_for_failed,composition,0.16349360846148864,0.07851693410497483,0.24989203892406178,True,1000
gpt-5.2,GPT-5.2,claude-opus-4-6,Claude Opus 4.6,relationship_f1::aggregation|micro|zeros_for_failed,relationship_f1,micro,zeros_for_failed,aggregation,0.11048454469507096,0.005332322881385182,0.2028045334238361,True,1000
gpt-5.2,GPT-5.2,claude-opus-4-6,Claude Opus 4.6,relationship_f1::dependency|micro|zeros_for_failed,relationship_f1,micro,zeros_for_failed,dependency,0.03238175844000213,-0.06959542452367061,0.12910873465028747,False,1000
gpt-5.2,GPT-5.2,claude-opus-4-6,Claude Opus 4.6,relationship_f1::association|micro|zeros_for_failed,relationship_f1,micro,zeros_for_failed,association,0.028709982143660384,-0.031854911567116465,0.08500751896719015,False,1000
gpt-5.2,GPT-5.2,claude-opus-4-6,Claude Opus 4.6,relationship_f1::message|micro|zeros_for_failed,relationship_f1,micro,zeros_for_failed,message,0.08512896661716984,0.05042315328216062,0.11970011001284911,True,1000
gpt-5.2,GPT-5.2,gemini-3.1-pro,Gemini 3.1 Pro,csr|csr,csr,csr,,,-0.03699999999999992,-0.05499999999999994,-0.020000000000000018,True,1000
gpt-5.2,GPT-5.2,gemini-3.1-pro,Gemini 3.1 Pro,element_f1|micro|compiled_only,element_f1,micro,compiled_only,,-0.02178915907866885,-0.033902842681317706,-0.0099911177986838,True,1000
gpt-5.2,GPT-5.2,gemini-3.1-pro,Gemini 3.1 Pro,element_f1|macro|compiled_only,element_f1,macro,compiled_only,,-0.013763313632964569,-0.020935918087065228,-0.007232295715370414,True,1000
gpt-5.2,GPT-5.2,gemini-3.1-pro,Gemini 3.1 Pro,relationship_f1|micro|compiled_only,relationship_f1,micro,compiled_only,,-0.09386577380718342,-0.11657590216206003,-0.07229638147728078,True,1000
gpt-5.2,GPT-5.2,gemini-3.1-pro,Gemini 3.1 Pro,relationship_f1|macro|compiled_only,relationship_f1,macro,compiled_only,,-0.07131153703359983,-0.08508691747280273,-0.057309773313120704,True,1000
gpt-5.2,GPT-5.2,gemini-3.1-pro,Gemini 3.1 Pro,chrf|macro|compiled_only,chrf,macro,compiled_only,,-10.611198879157456,-11.471228123867892,-9.72130682893856,True,1000
gpt-5.2,GPT-5.2,gemini-3.1-pro,Gemini 3.1 Pro,element_f1|micro|zeros_for_failed,element_f1,micro,zeros_for_failed,,-0.04790139003808802,-0.0649723575440847,-0.03204072488319471,True,1000
gpt-5.2,GPT-5.2,gemini-3.1-pro,Gemini 3.1 Pro,element_f1|macro|zeros_for_failed,element_f1,macro,zeros_for_failed,,-0.04864304472364911,-0.06616853989241907,-0.031026158023619053,True,1000
gpt-5.2,GPT-5.2,gemini-3.1-pro,Gemini 3.1 Pro,relationship_f1|micro|zeros_for_failed,relationship_f1,micro,zeros_for_failed,,-0.11779905771424604,-0.1410462271002082,-0.09524260379000227,True,1000
gpt-5.2,GPT-5.2,gemini-3.1-pro,Gemini 3.1 Pro,relationship_f1|macro|zeros_for_failed,relationship_f1,macro,zeros_for_failed,,-0.09912906711284752,-0.11854949251090456,-0.07974515596769613,True,1000
gpt-5.2,GPT-5.2,gemini-3.1-pro,Gemini 3.1 Pro,chrf|macro|zeros_for_failed,chrf,macro,zeros_for_failed,,-12.796464162184542,-14.217266509978169,-11.408805745399835,True,1000
gpt-5.2,GPT-5.2,gemini-3.1-pro,Gemini 3.1 Pro,type_accuracy|accuracy|compiled_only,type_accuracy,accuracy,compiled_only,,-0.042646223947825024,-0.054098823526321824,-0.03157085583868501,True,1000
gpt-5.2,GPT-5.2,gemini-3.1-pro,Gemini 3.1 Pro,relationship_f1::inheritance|micro|compiled_only,relationship_f1,micro,compiled_only,inheritance,-0.09440659373389959,-0.1400159852115852,-0.04885404571218167,True,1000
gpt-5.2,GPT-5.2,gemini-3.1-pro,Gemini 3.1 Pro,relationship_f1::composition|micro|compiled_only,relationship_f1,micro,compiled_only,composition,-0.17006825519175117,-0.3325202182536874,-0.04653716042137801,True,1000
gpt-5.2,GPT-5.2,gemini-3.1-pro,Gemini 3.1 Pro,relationship_f1::aggregation|micro|compiled_only,relationship_f1,micro,compiled_only,aggregation,-0.19432194726887542,-0.27750288560071334,-0.12319347757612129,True,1000
gpt-5.2,GPT-5.2,gemini-3.1-pro,Gemini 3.1 Pro,relationship_f1::dependency|micro|compiled_only,relationship_f1,micro,compiled_only,dependency,-0.2054376928629562,-0.2809646631540041,-0.13770090654246062,True,1000
gpt-5.2,GPT-5.2,gemini-3.1-pro,Gemini 3.1 Pro,relationship_f1::association|micro|compiled_only,relationship_f1,micro,compiled_only,association,-0.13923036330889849,-0.1955133443736057,-0.08064967484535174,True,1000
gpt-5.2,GPT-5.2,gemini-3.1-pro,Gemini 3.1 Pro,relationship_f1::message|micro|compiled_only,relationship_f1,micro,compiled_only,message,-0.06980522036043169,-0.09367447648889352,-0.04386287138638288,True,1000
gpt-5.2,GPT-5.2,gemini-3.1-pro,Gemini 3.1 Pro,relationship_f1::inheritance|micro|zeros_for_failed,relationship_f1,micro,zeros_for_failed,inheritance,-0.10962504548669871,-0.16127523440740946,-0.06167418884603957,True,1000
gpt-5.2,GPT-5.2,gemini-3.1-pro,Gemini 3.1 Pro,relationship_f1::composition|micro|zeros_for_failed,relationship_f1,micro,zeros_for_failed,composition,-0.18659837814767377,-0.3446645395117515,-0.0721446708574162,True,1000
gpt-5.2,GPT-5.2,gemini-3.1-pro,Gemini 3.1 Pro,relationship_f1::aggregation|micro|zeros_for_failed,relationship_f1,micro,zeros_for_failed,aggregation,-0.18157894736842095,-0.25160640911024357,-0.11988305012789396,True,1000
gpt-5.2,GPT-5.2,gemini-3.1-pro,Gemini 3.1 Pro,relationship_f1::dependency|micro|zeros_for_failed,relationship_f1,micro,zeros_for_failed,dependency,-0.21137843287680413,-0.2840205851474848,-0.14800700909216374,True,1000
gpt-5.2,GPT-5.2,gemini-3.1-pro,Gemini 3.1 Pro,relationship_f1::association|micro|zeros_for_failed,relationship_f1,micro,zeros_for_failed,association,-0.18180353692721196,-0.24608425868565972,-0.11645458492852717,True,1000
gpt-5.2,GPT-5.2,gemini-3.1-pro,Gemini 3.1 Pro,relationship_f1::message|micro|zeros_for_failed,relationship_f1,micro,zeros_for_failed,message,-0.09547376849209821,-0.12175393692833841,-0.06918217788201746,True,1000
gpt-5.2,GPT-5.2,qwen3.5-2b,Qwen3.5-2B,csr|csr,csr,csr,,,0.734,0.7040000000000001,0.762025,True,1000
gpt-5.2,GPT-5.2,qwen3.5-2b,Qwen3.5-2B,element_f1|micro|compiled_only,element_f1,micro,compiled_only,,0.06078264593196325,0.022737137566972772,0.10638695277079821,True,1000
gpt-5.2,GPT-5.2,qwen3.5-2b,Qwen3.5-2B,element_f1|macro|compiled_only,element_f1,macro,compiled_only,,0.08781256902112744,0.051425772008559786,0.12818493436698103,True,1000
gpt-5.2,GPT-5.2,qwen3.5-2b,Qwen3.5-2B,relationship_f1|micro|compiled_only,relationship_f1,micro,compiled_only,,0.31795489078021305,0.24269588398264993,0.38906751714668175,True,1000
gpt-5.2,GPT-5.2,qwen3.5-2b,Qwen3.5-2B,relationship_f1|macro|compiled_only,relationship_f1,macro,compiled_only,,0.3644592774314393,0.3005251246513332,0.42597829799135917,True,1000
gpt-5.2,GPT-5.2,qwen3.5-2b,Qwen3.5-2B,chrf|macro|compiled_only,chrf,macro,compiled_only,,2.9484526238378805,0.9081443635110371,4.984859250357101,True,1000
gpt-5.2,GPT-5.2,qwen3.5-2b,Qwen3.5-2B,element_f1|micro|zeros_for_failed,element_f1,micro,zeros_for_failed,,0.6513695014174303,0.6106053766796814,0.6900538431337051,True,1000
gpt-5.2,GPT-5.2,qwen3.5-2b,Qwen3.5-2B,element_f1|macro|zeros_for_failed,element_f1,macro,zeros_for_failed,,0.716233738328572,0.6886686678167642,0.7449193515485776,True,1000
gpt-5.2,GPT-5.2,qwen3.5-2b,Qwen3.5-2B,relationship_f1|micro|zeros_for_failed,relationship_f1,micro,zeros_for_failed,,0.6429245077074298,0.6033916760053522,0.6782428161011255,True,1000
gpt-5.2,GPT-5.2,qwen3.5-2b,Qwen3.5-2B,relationship_f1|macro|zeros_for_failed,relationship_f1,macro,zeros_for_failed,,0.6413823090145926,0.6128742915789334,0.6680017997351755,True,1000
gpt-5.2,GPT-5.2,qwen3.5-2b,Qwen3.5-2B,chrf|macro|zeros_for_failed,chrf,macro,zeros_for_failed,,49.837668088373036,47.736588323567986,51.929987011224604,True,1000
gpt-5.2,GPT-5.2,qwen3.5-2b,Qwen3.5-2B,type_accuracy|accuracy|compiled_only,type_accuracy,accuracy,compiled_only,,0.18271734671430861,0.1318638349849621,0.23846962218804685,True,1000
gpt-5.2,GPT-5.2,qwen3.5-2b,Qwen3.5-2B,relationship_f1::inheritance|micro|compiled_only,relationship_f1,micro,compiled_only,inheritance,0.38280320953346597,0.23939287412542753,0.5412326390771661,True,1000
gpt-5.2,GPT-5.2,qwen3.5-2b,Qwen3.5-2B,relationship_f1::composition|micro|compiled_only,relationship_f1,micro,compiled_only,composition,0.6246762856085831,0.48569209267320385,0.7624785942134423,True,1000
gpt-5.2,GPT-5.2,qwen3.5-2b,Qwen3.5-2B,relationship_f1::aggregation|micro|compiled_only,relationship_f1,micro,compiled_only,aggregation,0.5343680709534367,0.350953762026885,0.7018213637542131,True,1000
gpt-5.2,GPT-5.2,qwen3.5-2b,Qwen3.5-2B,relationship_f1::dependency|micro|compiled_only,relationship_f1,micro,compiled_only,dependency,0.5443888688358343,0.4379472722615844,0.6339134720760449,True,1000
gpt-5.2,GPT-5.2,qwen3.5-2b,Qwen3.5-2B,relationship_f1::association|micro|compiled_only,relationship_f1,micro,compiled_only,association,0.47823431487006535,0.3642706367602829,0.589849285194769,True,1000
gpt-5.2,GPT-5.2,qwen3.5-2b,Qwen3.5-2B,relationship_f1::message|micro|compiled_only,relationship_f1,micro,compiled_only,message,0.19040504804973524,0.1094631084934587,0.2733018865784747,True,1000
gpt-5.2,GPT-5.2,qwen3.5-2b,Qwen3.5-2B,relationship_f1::inheritance|micro|zeros_for_failed,relationship_f1,micro,zeros_for_failed,inheritance,0.7281854792029375,0.6674248870827535,0.7851719584986653,True,1000
gpt-5.2,GPT-5.2,qwen3.5-2b,Qwen3.5-2B,relationship_f1::composition|micro|zeros_for_failed,relationship_f1,micro,zeros_for_failed,composition,0.6239739163789797,0.4939878766894122,0.7439360301774045,True,1000
gpt-5.2,GPT-5.2,qwen3.5-2b,Qwen3.5-2B,relationship_f1::aggregation|micro|zeros_for_failed,relationship_f1,micro,zeros_for_failed,aggregation,0.6102577873254565,0.5041054049567981,0.7056665455985087,True,1000
gpt-5.2,GPT-5.2,qwen3.5-2b,Qwen3.5-2B,relationship_f1::dependency|micro|zeros_for_failed,relationship_f1,micro,zeros_for_failed,dependency,0.5548051359168789,0.4617428322637211,0.6326599488091692,True,1000
gpt-5.2,GPT-5.2,qwen3.5-2b,Qwen3.5-2B,relationship_f1::association|micro|zeros_for_failed,relationship_f1,micro,zeros_for_failed,association,0.5647759914935486,0.49186871211288136,0.6373469052488634,True,1000
gpt-5.2,GPT-5.2,qwen3.5-2b,Qwen3.5-2B,relationship_f1::message|micro|zeros_for_failed,relationship_f1,micro,zeros_for_failed,message,0.6497596684693489,0.6001515844400073,0.6957191318818615,True,1000
gpt-5.2,GPT-5.2,qwen3.5-9b,Qwen3.5-9B,csr|csr,csr,csr,,,0.504,0.468,0.5359999999999999,True,1000
gpt-5.2,GPT-5.2,qwen3.5-9b,Qwen3.5-9B,element_f1|micro|compiled_only,element_f1,micro,compiled_only,,0.09482150795652078,0.06260376913205276,0.12760884195223954,True,1000
gpt-5.2,GPT-5.2,qwen3.5-9b,Qwen3.5-9B,element_f1|macro|compiled_only,element_f1,macro,compiled_only,,0.09234733531012917,0.0671470312240304,0.11771287097688973,True,1000
gpt-5.2,GPT-5.2,qwen3.5-9b,Qwen3.5-9B,relationship_f1|micro|compiled_only,relationship_f1,micro,compiled_only,,0.3598993705830542,0.2986165813779218,0.41369317663008714,True,1000
gpt-5.2,GPT-5.2,qwen3.5-9b,Qwen3.5-9B,relationship_f1|macro|compiled_only,relationship_f1,macro,compiled_only,,0.34038467342879675,0.29778432481279365,0.3828870764172378,True,1000
gpt-5.2,GPT-5.2,qwen3.5-9b,Qwen3.5-9B,chrf|macro|compiled_only,chrf,macro,compiled_only,,4.660834766499683,3.1496300001335844,6.173754444653913,True,1000
gpt-5.2,GPT-5.2,qwen3.5-9b,Qwen3.5-9B,element_f1|micro|zeros_for_failed,element_f1,micro,zeros_for_failed,,0.40661061968665985,0.36856624875913885,0.4431078313277556,True,1000
gpt-5.2,GPT-5.2,qwen3.5-9b,Qwen3.5-9B,element_f1|macro|zeros_for_failed,element_f1,macro,zeros_for_failed,,0.5201696029157827,0.48729004514048646,0.5498457778180251,True,1000
gpt-5.2,GPT-5.2,qwen3.5-9b,Qwen3.5-9B,relationship_f1|micro|zeros_for_failed,relationship_f1,micro,zeros_for_failed,,0.5564742074069429,0.5171949679605814,0.5940888002242585,True,1000
gpt-5.2,GPT-5.2,qwen3.5-9b,Qwen3.5-9B,relationship_f1|macro|zeros_for_failed,relationship_f1,macro,zeros_for_failed,,0.5470675123710269,0.515349031295484,0.5763460100824296,True,1000
gpt-5.2,GPT-5.2,qwen3.5-9b,Qwen3.5-9B,chrf|macro|zeros_for_failed,chrf,macro,zeros_for_failed,,35.822845222964546,33.41767710992447,37.97635006771351,True,1000
gpt-5.2,GPT-5.2,qwen3.5-9b,Qwen3.5-9B,type_accuracy|accuracy|compiled_only,type_accuracy,accuracy,compiled_only,,0.18509055331489188,0.14748782887802311,0.22529749591932233,True,1000
gpt-5.2,GPT-5.2,qwen3.5-9b,Qwen3.5-9B,relationship_f1::inheritance|micro|compiled_only,relationship_f1,micro,compiled_only,inheritance,0.2979810030285508,0.2191447178003131,0.3832065839032975,True,1000
gpt-5.2,GPT-5.2,qwen3.5-9b,Qwen3.5-9B,relationship_f1::composition|micro|compiled_only,relationship_f1,micro,compiled_only,composition,0.4157460814025484,0.22223165547770043,0.5845551973899711,True,1000
gpt-5.2,GPT-5.2,qwen3.5-9b,Qwen3.5-9B,relationship_f1::aggregation|micro|compiled_only,relationship_f1,micro,compiled_only,aggregation,0.4348009713863372,0.3003477629691222,0.5557299911673591,True,1000
gpt-5.2,GPT-5.2,qwen3.5-9b,Qwen3.5-9B,relationship_f1::dependency|micro|compiled_only,relationship_f1,micro,compiled_only,dependency,0.3367909428642751,0.24491557694634253,0.44082097009126386,True,1000
gpt-5.2,GPT-5.2,qwen3.5-9b,Qwen3.5-9B,relationship_f1::association|micro|compiled_only,relationship_f1,micro,compiled_only,association,0.33956106151791293,0.2453875022559255,0.4220478920641778,True,1000
gpt-5.2,GPT-5.2,qwen3.5-9b,Qwen3.5-9B,relationship_f1::message|micro|compiled_only,relationship_f1,micro,compiled_only,message,0.22869135567333143,0.11835624772561054,0.3315286529978889,True,1000
gpt-5.2,GPT-5.2,qwen3.5-9b,Qwen3.5-9B,relationship_f1::inheritance|micro|zeros_for_failed,relationship_f1,micro,zeros_for_failed,inheritance,0.4135198350655006,0.34223677621444215,0.48905906894755613,True,1000
gpt-5.2,GPT-5.2,qwen3.5-9b,Qwen3.5-9B,relationship_f1::composition|micro|zeros_for_failed,relationship_f1,micro,zeros_for_failed,composition,0.5003595274781716,0.36621745838798675,0.6330357503786996,True,1000
gpt-5.2,GPT-5.2,qwen3.5-9b,Qwen3.5-9B,relationship_f1::aggregation|micro|zeros_for_failed,relationship_f1,micro,zeros_for_failed,aggregation,0.4773954116059379,0.35561561362130445,0.5794727188705372,True,1000
gpt-5.2,GPT-5.2,qwen3.5-9b,Qwen3.5-9B,relationship_f1::dependency|micro|zeros_for_failed,relationship_f1,micro,zeros_for_failed,dependency,0.3711183496199783,0.27952231712419773,0.46570944771374645,True,1000
gpt-5.2,GPT-5.2,qwen3.5-9b,Qwen3.5-9B,relationship_f1::association|micro|zeros_for_failed,relationship_f1,micro,zeros_for_failed,association,0.36524966018974,0.2760265258119883,0.4451543939072919,True,1000
gpt-5.2,GPT-5.2,qwen3.5-9b,Qwen3.5-9B,relationship_f1::message|micro|zeros_for_failed,relationship_f1,micro,zeros_for_failed,message,0.6457467117696875,0.5897494688866657,0.701057041981403,True,1000
gpt-5.2,GPT-5.2,qwen3.5-27b,Qwen3.5-27B,csr|csr,csr,csr,,,0.3340000000000001,0.30399999999999994,0.366,True,1000
gpt-5.2,GPT-5.2,qwen3.5-27b,Qwen3.5-27B,element_f1|micro|compiled_only,element_f1,micro,compiled_only,,0.02224552757712528,-0.0014425958547621572,0.04583288956610161,False,1000
gpt-5.2,GPT-5.2,qwen3.5-27b,Qwen3.5-27B,element_f1|macro|compiled_only,element_f1,macro,compiled_only,,0.028001284713051633,0.01264881393177438,0.04319774854731526,True,1000
gpt-5.2,GPT-5.2,qwen3.5-27b,Qwen3.5-27B,relationship_f1|micro|compiled_only,relationship_f1,micro,compiled_only,,0.07635501524540178,0.032704089374222686,0.12114358042748527,True,1000
gpt-5.2,GPT-5.2,qwen3.5-27b,Qwen3.5-27B,relationship_f1|macro|compiled_only,relationship_f1,macro,compiled_only,,0.05689590242156728,0.030957426560896027,0.08439996530840006,True,1000
gpt-5.2,GPT-5.2,qwen3.5-27b,Qwen3.5-27B,chrf|macro|compiled_only,chrf,macro,compiled_only,,-0.9758714801211283,-2.083980007978834,0.17231927868647107,False,1000
gpt-5.2,GPT-5.2,qwen3.5-27b,Qwen3.5-27B,element_f1|micro|zeros_for_failed,element_f1,micro,zeros_for_failed,,0.22142600212759977,0.19284027072429902,0.25079115211305997,True,1000
gpt-5.2,GPT-5.2,qwen3.5-27b,Qwen3.5-27B,element_f1|macro|zeros_for_failed,element_f1,macro,zeros_for_failed,,0.3291678178796811,0.30027145008276085,0.35837382324170675,True,1000
gpt-5.2,GPT-5.2,qwen3.5-27b,Qwen3.5-27B,relationship_f1|micro|zeros_for_failed,relationship_f1,micro,zeros_for_failed,,0.27192970786463494,0.2384153632070445,0.30576588354843576,True,1000
gpt-5.2,GPT-5.2,qwen3.5-27b,Qwen3.5-27B,relationship_f1|macro|zeros_for_failed,relationship_f1,macro,zeros_for_failed,,0.30238256007987374,0.2739989622141637,0.329560785813529,True,1000
gpt-5.2,GPT-5.2,qwen3.5-27b,Qwen3.5-27B,chrf|macro|zeros_for_failed,chrf,macro,zeros_for_failed,,21.822002225553277,19.74484509886042,24.034610098823457,True,1000
gpt-5.2,GPT-5.2,qwen3.5-27b,Qwen3.5-27B,type_accuracy|accuracy|compiled_only,type_accuracy,accuracy,compiled_only,,0.05488629794669464,0.03505574321796748,0.07556231374480545,True,1000
gpt-5.2,GPT-5.2,qwen3.5-27b,Qwen3.5-27B,relationship_f1::inheritance|micro|compiled_only,relationship_f1,micro,compiled_only,inheritance,0.07417095455658451,0.02251937087414879,0.1354893200645201,True,1000
gpt-5.2,GPT-5.2,qwen3.5-27b,Qwen3.5-27B,relationship_f1::composition|micro|compiled_only,relationship_f1,micro,compiled_only,composition,0.03566699768288639,-0.10878129136618944,0.1806182804547125,False,1000
gpt-5.2,GPT-5.2,qwen3.5-27b,Qwen3.5-27B,relationship_f1::aggregation|micro|compiled_only,relationship_f1,micro,compiled_only,aggregation,-0.0013051166184848695,-0.11598504413206936,0.114893443380576,False,1000
gpt-5.2,GPT-5.2,qwen3.5-27b,Qwen3.5-27B,relationship_f1::dependency|micro|compiled_only,relationship_f1,micro,compiled_only,dependency,0.0852347896345318,-0.014541735448627415,0.17895859023383034,False,1000
gpt-5.2,GPT-5.2,qwen3.5-27b,Qwen3.5-27B,relationship_f1::association|micro|compiled_only,relationship_f1,micro,compiled_only,association,0.07824422034354694,0.002829794408079106,0.150567024325405,True,1000
gpt-5.2,GPT-5.2,qwen3.5-27b,Qwen3.5-27B,relationship_f1::message|micro|compiled_only,relationship_f1,micro,compiled_only,message,0.056646809637450724,-0.009170428579679356,0.12982486832647191,False,1000
gpt-5.2,GPT-5.2,qwen3.5-27b,Qwen3.5-27B,relationship_f1::inheritance|micro|zeros_for_failed,relationship_f1,micro,zeros_for_failed,inheritance,0.1626587947661028,0.10526402284184354,0.22202730478615693,True,1000
gpt-5.2,GPT-5.2,qwen3.5-27b,Qwen3.5-27B,relationship_f1::composition|micro|zeros_for_failed,relationship_f1,micro,zeros_for_failed,composition,0.20496366378719327,0.08934655459188641,0.32826533764659305,True,1000
gpt-5.2,GPT-5.2,qwen3.5-27b,Qwen3.5-27B,relationship_f1::aggregation|micro|zeros_for_failed,relationship_f1,micro,zeros_for_failed,aggregation,0.10811177428106356,0.006537634771828802,0.21292792824872742,True,1000
gpt-5.2,GPT-5.2,qwen3.5-27b,Qwen3.5-27B,relationship_f1::dependency|micro|zeros_for_failed,relationship_f1,micro,zeros_for_failed,dependency,0.13612442495412164,0.05196524042005568,0.2200325497117079,True,1000
gpt-5.2,GPT-5.2,qwen3.5-27b,Qwen3.5-27B,relationship_f1::association|micro|zeros_for_failed,relationship_f1,micro,zeros_for_failed,association,0.1457321513434921,0.07199993497118944,0.21512512526461466,True,1000
gpt-5.2,GPT-5.2,qwen3.5-27b,Qwen3.5-27B,relationship_f1::message|micro|zeros_for_failed,relationship_f1,micro,zeros_for_failed,message,0.3311611910580143,0.28179523795127803,0.38061001734964633,True,1000
claude-opus-4-6,Claude Opus 4.6,gemini-3.1-pro,Gemini 3.1 Pro,csr|csr,csr,csr,,,-0.031000000000000028,-0.04899999999999993,-0.013975000000000034,True,1000
claude-opus-4-6,Claude Opus 4.6,gemini-3.1-pro,Gemini 3.1 Pro,element_f1|micro|compiled_only,element_f1,micro,compiled_only,,-0.0206466516291115,-0.034632493065507156,-0.009098795805737542,True,1000
claude-opus-4-6,Claude Opus 4.6,gemini-3.1-pro,Gemini 3.1 Pro,element_f1|macro|compiled_only,element_f1,macro,compiled_only,,-0.009094027801517357,-0.016684236036681673,-0.0022392898666212667,True,1000
claude-opus-4-6,Claude Opus 4.6,gemini-3.1-pro,Gemini 3.1 Pro,relationship_f1|micro|compiled_only,relationship_f1,micro,compiled_only,,-0.1727684148423393,-0.20239112393724104,-0.14656622282689363,True,1000
claude-opus-4-6,Claude Opus 4.6,gemini-3.1-pro,Gemini 3.1 Pro,relationship_f1|macro|compiled_only,relationship_f1,macro,compiled_only,,-0.10803325124779906,-0.12346467996761656,-0.09255343375130053,True,1000
claude-opus-4-6,Claude Opus 4.6,gemini-3.1-pro,Gemini 3.1 Pro,chrf|macro|compiled_only,chrf,macro,compiled_only,,-7.900540530652179,-8.646609532268718,-7.161360326838931,True,1000
claude-opus-4-6,Claude Opus 4.6,gemini-3.1-pro,Gemini 3.1 Pro,element_f1|micro|zeros_for_failed,element_f1,micro,zeros_for_failed,,-0.03598263474624963,-0.05314773347569839,-0.020529319249308505,True,1000
claude-opus-4-6,Claude Opus 4.6,gemini-3.1-pro,Gemini 3.1 Pro,element_f1|macro|zeros_for_failed,element_f1,macro,zeros_for_failed,,-0.03853058126343434,-0.05762240912989667,-0.021957445974794834,True,1000
claude-opus-4-6,Claude Opus 4.6,gemini-3.1-pro,Gemini 3.1 Pro,relationship_f1|micro|zeros_for_failed,relationship_f1,micro,zeros_for_failed,,-0.18197020458430457,-0.20827880726719306,-0.15589964213932025,True,1000
claude-opus-4-6,Claude Opus 4.6,gemini-3.1-pro,Gemini 3.1 Pro,relationship_f1|macro|zeros_for_failed,relationship_f1,macro,zeros_for_failed,,-0.13052513211551364,-0.15022579450616969,-0.11183017984304865,True,1000
claude-opus-4-6,Claude Opus 4.6,gemini-3.1-pro,Gemini 3.1 Pro,chrf|macro|zeros_for_failed,chrf,macro,zeros_for_failed,,-9.84318673435294,-11.201879707610047,-8.373211601271512,True,1000
claude-opus-4-6,Claude Opus 4.6,gemini-3.1-pro,Gemini 3.1 Pro,type_accuracy|accuracy|compiled_only,type_accuracy,accuracy,compiled_only,,-0.03425871629320165,-0.04886946440155181,-0.018961975726790706,True,1000
claude-opus-4-6,Claude Opus 4.6,gemini-3.1-pro,Gemini 3.1 Pro,relationship_f1::inheritance|micro|compiled_only,relationship_f1,micro,compiled_only,inheritance,-0.06001738361549114,-0.097232254925618,-0.025996555948297407,True,1000
claude-opus-4-6,Claude Opus 4.6,gemini-3.1-pro,Gemini 3.1 Pro,relationship_f1::composition|micro|compiled_only,relationship_f1,micro,compiled_only,composition,-0.33205698270711953,-0.4718593848732627,-0.18524430741450712,True,1000
claude-opus-4-6,Claude Opus 4.6,gemini-3.1-pro,Gemini 3.1 Pro,relationship_f1::aggregation|micro|compiled_only,relationship_f1,micro,compiled_only,aggregation,-0.29927390587937064,-0.40025072068403045,-0.1940694921308499,True,1000
claude-opus-4-6,Claude Opus 4.6,gemini-3.1-pro,Gemini 3.1 Pro,relationship_f1::dependency|micro|compiled_only,relationship_f1,micro,compiled_only,dependency,-0.2387079061224876,-0.3341852918705854,-0.15954915002657472,True,1000
claude-opus-4-6,Claude Opus 4.6,gemini-3.1-pro,Gemini 3.1 Pro,relationship_f1::association|micro|compiled_only,relationship_f1,micro,compiled_only,association,-0.20236647850629608,-0.2525420195471935,-0.15461817843982392,True,1000
claude-opus-4-6,Claude Opus 4.6,gemini-3.1-pro,Gemini 3.1 Pro,relationship_f1::message|micro|compiled_only,relationship_f1,micro,compiled_only,message,-0.16960557382039299,-0.20718973310747169,-0.13647042539386114,True,1000
claude-opus-4-6,Claude Opus 4.6,gemini-3.1-pro,Gemini 3.1 Pro,relationship_f1::inheritance|micro|zeros_for_failed,relationship_f1,micro,zeros_for_failed,inheritance,-0.060642305387691775,-0.10134609388850323,-0.024775396705607758,True,1000
claude-opus-4-6,Claude Opus 4.6,gemini-3.1-pro,Gemini 3.1 Pro,relationship_f1::composition|micro|zeros_for_failed,relationship_f1,micro,zeros_for_failed,composition,-0.3500919866091624,-0.47921801166219674,-0.21517765864500948,True,1000
claude-opus-4-6,Claude Opus 4.6,gemini-3.1-pro,Gemini 3.1 Pro,relationship_f1::aggregation|micro|zeros_for_failed,relationship_f1,micro,zeros_for_failed,aggregation,-0.2920634920634919,-0.3867112323577181,-0.19183516305519363,True,1000
claude-opus-4-6,Claude Opus 4.6,gemini-3.1-pro,Gemini 3.1 Pro,relationship_f1::dependency|micro|zeros_for_failed,relationship_f1,micro,zeros_for_failed,dependency,-0.24376019131680626,-0.3381424470337729,-0.16834833221776604,True,1000
claude-opus-4-6,Claude Opus 4.6,gemini-3.1-pro,Gemini 3.1 Pro,relationship_f1::association|micro|zeros_for_failed,relationship_f1,micro,zeros_for_failed,association,-0.21051351907087235,-0.261768859986898,-0.16411236447693206,True,1000
claude-opus-4-6,Claude Opus 4.6,gemini-3.1-pro,Gemini 3.1 Pro,relationship_f1::message|micro|zeros_for_failed,relationship_f1,micro,zeros_for_failed,message,-0.18060273510926805,-0.21604683938838723,-0.14658086980832147,True,1000
claude-opus-4-6,Claude Opus 4.6,qwen3.5-2b,Qwen3.5-2B,csr|csr,csr,csr,,,0.74,0.712,0.77,True,1000
claude-opus-4-6,Claude Opus 4.6,qwen3.5-2b,Qwen3.5-2B,element_f1|micro|compiled_only,element_f1,micro,compiled_only,,0.0619251533815206,0.02446930128824594,0.1055859133601749,True,1000
claude-opus-4-6,Claude Opus 4.6,qwen3.5-2b,Qwen3.5-2B,element_f1|macro|compiled_only,element_f1,macro,compiled_only,,0.09248185485257465,0.05573335111625536,0.13314580301494489,True,1000
claude-opus-4-6,Claude Opus 4.6,qwen3.5-2b,Qwen3.5-2B,relationship_f1|micro|compiled_only,relationship_f1,micro,compiled_only,,0.23905224974505718,0.15991128604471108,0.31339543639879924,True,1000
claude-opus-4-6,Claude Opus 4.6,qwen3.5-2b,Qwen3.5-2B,relationship_f1|macro|compiled_only,relationship_f1,macro,compiled_only,,0.32773756321724007,0.26214659341937513,0.387439007244358,True,1000
claude-opus-4-6,Claude Opus 4.6,qwen3.5-2b,Qwen3.5-2B,chrf|macro|compiled_only,chrf,macro,compiled_only,,5.659110972343157,3.538835074424786,7.762826623439748,True,1000
claude-opus-4-6,Claude Opus 4.6,qwen3.5-2b,Qwen3.5-2B,element_f1|micro|zeros_for_failed,element_f1,micro,zeros_for_failed,,0.6632882567092686,0.6246399765362244,0.7006963984333395,True,1000
claude-opus-4-6,Claude Opus 4.6,qwen3.5-2b,Qwen3.5-2B,element_f1|macro|zeros_for_failed,element_f1,macro,zeros_for_failed,,0.7263462017887867,0.6979998624190524,0.7553633810281711,True,1000
claude-opus-4-6,Claude Opus 4.6,qwen3.5-2b,Qwen3.5-2B,relationship_f1|micro|zeros_for_failed,relationship_f1,micro,zeros_for_failed,,0.5787533608373713,0.5378832548891485,0.6166574655974939,True,1000
claude-opus-4-6,Claude Opus 4.6,qwen3.5-2b,Qwen3.5-2B,relationship_f1|macro|zeros_for_failed,relationship_f1,macro,zeros_for_failed,,0.6099862440119265,0.581780995840073,0.6368863759381637,True,1000
claude-opus-4-6,Claude Opus 4.6,qwen3.5-2b,Qwen3.5-2B,chrf|macro|zeros_for_failed,chrf,macro,zeros_for_failed,,52.79094551620464,50.69997604345186,55.02378390662972,True,1000
claude-opus-4-6,Claude Opus 4.6,qwen3.5-2b,Qwen3.5-2B,type_accuracy|accuracy|compiled_only,type_accuracy,accuracy,compiled_only,,0.191104854368932,0.1409176020727558,0.24621332621408146,True,1000
claude-opus-4-6,Claude Opus 4.6,qwen3.5-2b,Qwen3.5-2B,relationship_f1::inheritance|micro|compiled_only,relationship_f1,micro,compiled_only,inheritance,0.4171924196518744,0.2744356138867294,0.569780977004018,True,1000
claude-opus-4-6,Claude Opus 4.6,qwen3.5-2b,Qwen3.5-2B,relationship_f1::composition|micro|compiled_only,relationship_f1,micro,compiled_only,composition,0.46268755809321477,0.33456288190422934,0.5984581456279567,True,1000
claude-opus-4-6,Claude Opus 4.6,qwen3.5-2b,Qwen3.5-2B,relationship_f1::aggregation|micro|compiled_only,relationship_f1,micro,compiled_only,aggregation,0.4294161123429416,0.2477081305757544,0.6011795236510002,True,1000
claude-opus-4-6,Claude Opus 4.6,qwen3.5-2b,Qwen3.5-2B,relationship_f1::dependency|micro|compiled_only,relationship_f1,micro,compiled_only,dependency,0.5111186555763029,0.40692712606169834,0.6076066688375724,True,1000
claude-opus-4-6,Claude Opus 4.6,qwen3.5-2b,Qwen3.5-2B,relationship_f1::association|micro|compiled_only,relationship_f1,micro,compiled_only,association,0.41509819967266776,0.3096076380687416,0.5139028118113265,True,1000
claude-opus-4-6,Claude Opus 4.6,qwen3.5-2b,Qwen3.5-2B,relationship_f1::message|micro|compiled_only,relationship_f1,micro,compiled_only,message,0.09060469458977394,0.004395948324526931,0.17888520130090285,True,1000
claude-opus-4-6,Claude Opus 4.6,qwen3.5-2b,Qwen3.5-2B,relationship_f1::inheritance|micro|zeros_for_failed,relationship_f1,micro,zeros_for_failed,inheritance,0.7771682193019445,0.7171036521865648,0.8309036581821447,True,1000
claude-opus-4-6,Claude Opus 4.6,qwen3.5-2b,Qwen3.5-2B,relationship_f1::composition|micro|zeros_for_failed,relationship_f1,micro,zeros_for_failed,composition,0.4604803079174911,0.349885812335871,0.5813279862744156,True,1000
claude-opus-4-6,Claude Opus 4.6,qwen3.5-2b,Qwen3.5-2B,relationship_f1::aggregation|micro|zeros_for_failed,relationship_f1,micro,zeros_for_failed,aggregation,0.4997732426303856,0.40175991158999863,0.6029509928726138,True,1000
claude-opus-4-6,Claude Opus 4.6,qwen3.5-2b,Qwen3.5-2B,relationship_f1::dependency|micro|zeros_for_failed,relationship_f1,micro,zeros_for_failed,dependency,0.5224233774768767,0.4327737220279524,0.6052999869493401,True,1000
claude-opus-4-6,Claude Opus 4.6,qwen3.5-2b,Qwen3.5-2B,relationship_f1::association|micro|zeros_for_failed,relationship_f1,micro,zeros_for_failed,association,0.5360660093498882,0.46769534328267093,0.601442070516425,True,1000
claude-opus-4-6,Claude Opus 4.6,qwen3.5-2b,Qwen3.5-2B,relationship_f1::message|micro|zeros_for_failed,relationship_f1,micro,zeros_for_failed,message,0.564630701852179,0.5102113588931065,0.616318173187324,True,1000
claude-opus-4-6,Claude Opus 4.6,qwen3.5-9b,Qwen3.5-9B,csr|csr,csr,csr,,,0.51,0.47400000000000003,0.5419999999999999,True,1000
claude-opus-4-6,Claude Opus 4.6,qwen3.5-9b,Qwen3.5-9B,element_f1|micro|compiled_only,element_f1,micro,compiled_only,,0.09596401540607813,0.06262825744954664,0.13125556818777642,True,1000
claude-opus-4-6,Claude Opus 4.6,qwen3.5-9b,Qwen3.5-9B,element_f1|macro|compiled_only,element_f1,macro,compiled_only,,0.09701662114157639,0.07277971941403036,0.123261789074261,True,1000
claude-opus-4-6,Claude Opus 4.6,qwen3.5-9b,Qwen3.5-9B,relationship_f1|micro|compiled_only,relationship_f1,micro,compiled_only,,0.28099672954789834,0.21633650150127692,0.3376285817596537,True,1000
claude-opus-4-6,Claude Opus 4.6,qwen3.5-9b,Qwen3.5-9B,relationship_f1|macro|compiled_only,relationship_f1,macro,compiled_only,,0.3036629592145975,0.2594174580276255,0.345091475901395,True,1000
claude-opus-4-6,Claude Opus 4.6,qwen3.5-9b,Qwen3.5-9B,chrf|macro|compiled_only,chrf,macro,compiled_only,,7.371493115004959,5.8925767810272145,8.797726663146102,True,1000
claude-opus-4-6,Claude Opus 4.6,qwen3.5-9b,Qwen3.5-9B,element_f1|micro|zeros_for_failed,element_f1,micro,zeros_for_failed,,0.41852937497849824,0.37937562846611284,0.45610447559072836,True,1000
claude-opus-4-6,Claude Opus 4.6,qwen3.5-9b,Qwen3.5-9B,element_f1|macro|zeros_for_failed,element_f1,macro,zeros_for_failed,,0.5302820663759975,0.49764719197026414,0.5623121702141172,True,1000
claude-opus-4-6,Claude Opus 4.6,qwen3.5-9b,Qwen3.5-9B,relationship_f1|micro|zeros_for_failed,relationship_f1,micro,zeros_for_failed,,0.49230306053688433,0.4524791818604587,0.528602747893034,True,1000
claude-opus-4-6,Claude Opus 4.6,qwen3.5-9b,Qwen3.5-9B,relationship_f1|macro|zeros_for_failed,relationship_f1,macro,zeros_for_failed,,0.5156714473683608,0.4866228850631288,0.5437911679706661,True,1000
claude-opus-4-6,Claude Opus 4.6,qwen3.5-9b,Qwen3.5-9B,chrf|macro|zeros_for_failed,chrf,macro,zeros_for_failed,,38.77612265079615,36.40334945865407,40.88028566268499,True,1000
claude-opus-4-6,Claude Opus 4.6,qwen3.5-9b,Qwen3.5-9B,type_accuracy|accuracy|compiled_only,type_accuracy,accuracy,compiled_only,,0.19347806096951525,0.15169952724974065,0.23853541955878832,True,1000
claude-opus-4-6,Claude Opus 4.6,qwen3.5-9b,Qwen3.5-9B,relationship_f1::inheritance|micro|compiled_only,relationship_f1,micro,compiled_only,inheritance,0.33237021314695925,0.2553124697760216,0.41774562972742846,True,1000
claude-opus-4-6,Claude Opus 4.6,qwen3.5-9b,Qwen3.5-9B,relationship_f1::composition|micro|compiled_only,relationship_f1,micro,compiled_only,composition,0.25375735388718,0.05020800221023962,0.4278903657739523,True,1000
claude-opus-4-6,Claude Opus 4.6,qwen3.5-9b,Qwen3.5-9B,relationship_f1::aggregation|micro|compiled_only,relationship_f1,micro,compiled_only,aggregation,0.329849012775842,0.20899253508510013,0.4502227387888613,True,1000
claude-opus-4-6,Claude Opus 4.6,qwen3.5-9b,Qwen3.5-9B,relationship_f1::dependency|micro|compiled_only,relationship_f1,micro,compiled_only,dependency,0.3035207296047437,0.21590231953617534,0.39884527709492607,True,1000
claude-opus-4-6,Claude Opus 4.6,qwen3.5-9b,Qwen3.5-9B,relationship_f1::association|micro|compiled_only,relationship_f1,micro,compiled_only,association,0.27642494632051534,0.18555538349201514,0.36215035488683134,True,1000
claude-opus-4-6,Claude Opus 4.6,qwen3.5-9b,Qwen3.5-9B,relationship_f1::message|micro|compiled_only,relationship_f1,micro,compiled_only,message,0.12889100221337013,0.01967505441996521,0.2346121453212081,True,1000
claude-opus-4-6,Claude Opus 4.6,qwen3.5-9b,Qwen3.5-9B,relationship_f1::inheritance|micro|zeros_for_failed,relationship_f1,micro,zeros_for_failed,inheritance,0.46250257516450755,0.38704319191114545,0.5368665567707138,True,1000
claude-opus-4-6,Claude Opus 4.6,qwen3.5-9b,Qwen3.5-9B,relationship_f1::composition|micro|zeros_for_failed,relationship_f1,micro,zeros_for_failed,composition,0.33686591901668295,0.2097432063986293,0.46733783051740796,True,1000
claude-opus-4-6,Claude Opus 4.6,qwen3.5-9b,Qwen3.5-9B,relationship_f1::aggregation|micro|zeros_for_failed,relationship_f1,micro,zeros_for_failed,aggregation,0.36691086691086694,0.2664453859838337,0.4713092410592411,True,1000
claude-opus-4-6,Claude Opus 4.6,qwen3.5-9b,Qwen3.5-9B,relationship_f1::dependency|micro|zeros_for_failed,relationship_f1,micro,zeros_for_failed,dependency,0.3387365911799762,0.2558747598393907,0.4258392625737776,True,1000
claude-opus-4-6,Claude Opus 4.6,qwen3.5-9b,Qwen3.5-9B,relationship_f1::association|micro|zeros_for_failed,relationship_f1,micro,zeros_for_failed,association,0.3365396780460796,0.25979465603435054,0.4100372219180268,True,1000
claude-opus-4-6,Claude Opus 4.6,qwen3.5-9b,Qwen3.5-9B,relationship_f1::message|micro|zeros_for_failed,relationship_f1,micro,zeros_for_failed,message,0.5606177451525176,0.5018053621851832,0.6135325715426254,True,1000
claude-opus-4-6,Claude Opus 4.6,qwen3.5-27b,Qwen3.5-27B,csr|csr,csr,csr,,,0.33999999999999997,0.30700000000000005,0.375,True,1000
claude-opus-4-6,Claude Opus 4.6,qwen3.5-27b,Qwen3.5-27B,element_f1|micro|compiled_only,element_f1,micro,compiled_only,,0.02338803502668263,-0.0005790103651803933,0.04979318752625691,False,1000
claude-opus-4-6,Claude Opus 4.6,qwen3.5-27b,Qwen3.5-27B,element_f1|macro|compiled_only,element_f1,macro,compiled_only,,0.032670570544498845,0.01736917562782187,0.047642356006598725,True,1000
claude-opus-4-6,Claude Opus 4.6,qwen3.5-27b,Qwen3.5-27B,relationship_f1|micro|compiled_only,relationship_f1,micro,compiled_only,,-0.0025476257897540933,-0.04533522777191611,0.04322303500368009,False,1000
claude-opus-4-6,Claude Opus 4.6,qwen3.5-27b,Qwen3.5-27B,relationship_f1|macro|compiled_only,relationship_f1,macro,compiled_only,,0.02017418820736805,-0.004888182814206224,0.04695945846438347,False,1000
claude-opus-4-6,Claude Opus 4.6,qwen3.5-27b,Qwen3.5-27B,chrf|macro|compiled_only,chrf,macro,compiled_only,,1.7347868683841483,0.6213930250902205,2.8408677593064784,True,1000
claude-opus-4-6,Claude Opus 4.6,qwen3.5-27b,Qwen3.5-27B,element_f1|micro|zeros_for_failed,element_f1,micro,zeros_for_failed,,0.23334475741943816,0.2001318784728714,0.2665852112903791,True,1000
claude-opus-4-6,Claude Opus 4.6,qwen3.5-27b,Qwen3.5-27B,element_f1|macro|zeros_for_failed,element_f1,macro,zeros_for_failed,,0.33928028133989585,0.30815119279407266,0.3722830956181272,True,1000
claude-opus-4-6,Claude Opus 4.6,qwen3.5-27b,Qwen3.5-27B,relationship_f1|micro|zeros_for_failed,relationship_f1,micro,zeros_for_failed,,0.2077585609945764,0.17097686824012392,0.2471262400204162,True,1000
claude-opus-4-6,Claude Opus 4.6,qwen3.5-27b,Qwen3.5-27B,relationship_f1|macro|zeros_for_failed,relationship_f1,macro,zeros_for_failed,,0.2709864950772076,0.24130912760994647,0.30161474900458457,True,1000
claude-opus-4-6,Claude Opus 4.6,qwen3.5-27b,Qwen3.5-27B,chrf|macro|zeros_for_failed,chrf,macro,zeros_for_failed,,24.775279653384878,22.477402125933516,27.218314160053765,True,1000
claude-opus-4-6,Claude Opus 4.6,qwen3.5-27b,Qwen3.5-27B,type_accuracy|accuracy|compiled_only,type_accuracy,accuracy,compiled_only,,0.06327380560131801,0.04229229832183801,0.08909294749852016,True,1000
claude-opus-4-6,Claude Opus 4.6,qwen3.5-27b,Qwen3.5-27B,relationship_f1::inheritance|micro|compiled_only,relationship_f1,micro,compiled_only,inheritance,0.10856016467499296,0.04864970480868375,0.17157211483293744,True,1000
claude-opus-4-6,Claude Opus 4.6,qwen3.5-27b,Qwen3.5-27B,relationship_f1::composition|micro|compiled_only,relationship_f1,micro,compiled_only,composition,-0.12632172983248197,-0.25397274793105074,0.01211111578638757,False,1000
claude-opus-4-6,Claude Opus 4.6,qwen3.5-27b,Qwen3.5-27B,relationship_f1::aggregation|micro|compiled_only,relationship_f1,micro,compiled_only,aggregation,-0.10625707522898009,-0.2108615902012389,0.017290460997652857,False,1000
claude-opus-4-6,Claude Opus 4.6,qwen3.5-27b,Qwen3.5-27B,relationship_f1::dependency|micro|compiled_only,relationship_f1,micro,compiled_only,dependency,0.051964576375000404,-0.07146189202611045,0.17318515649144453,False,1000
claude-opus-4-6,Claude Opus 4.6,qwen3.5-27b,Qwen3.5-27B,relationship_f1::association|micro|compiled_only,relationship_f1,micro,compiled_only,association,0.015108105146149353,-0.061395341676295755,0.08430581846917845,False,1000
claude-opus-4-6,Claude Opus 4.6,qwen3.5-27b,Qwen3.5-27B,relationship_f1::message|micro|compiled_only,relationship_f1,micro,compiled_only,message,-0.043153543822510576,-0.11321191295659873,0.024231778358508912,False,1000
claude-opus-4-6,Claude Opus 4.6,qwen3.5-27b,Qwen3.5-27B,relationship_f1::inheritance|micro|zeros_for_failed,relationship_f1,micro,zeros_for_failed,inheritance,0.21164153486510973,0.1434365752773635,0.2802933093335366,True,1000
claude-opus-4-6,Claude Opus 4.6,qwen3.5-27b,Qwen3.5-27B,relationship_f1::composition|micro|zeros_for_failed,relationship_f1,micro,zeros_for_failed,composition,0.041470055325704636,-0.07368075844137775,0.16490021536071622,False,1000
claude-opus-4-6,Claude Opus 4.6,qwen3.5-27b,Qwen3.5-27B,relationship_f1::aggregation|micro|zeros_for_failed,relationship_f1,micro,zeros_for_failed,aggregation,-0.002372770414007408,-0.11640330250249711,0.11725313859734862,False,1000
claude-opus-4-6,Claude Opus 4.6,qwen3.5-27b,Qwen3.5-27B,relationship_f1::dependency|micro|zeros_for_failed,relationship_f1,micro,zeros_for_failed,dependency,0.10374266651411951,-0.0074619265028605915,0.21718285887697264,False,1000
claude-opus-4-6,Claude Opus 4.6,qwen3.5-27b,Qwen3.5-27B,relationship_f1::association|micro|zeros_for_failed,relationship_f1,micro,zeros_for_failed,association,0.11702216919983172,0.0455798643654794,0.18494694081245397,True,1000
claude-opus-4-6,Claude Opus 4.6,qwen3.5-27b,Qwen3.5-27B,relationship_f1::message|micro|zeros_for_failed,relationship_f1,micro,zeros_for_failed,message,0.24603222444084444,0.1935911868772176,0.30138082275188366,True,1000
gemini-3.1-pro,Gemini 3.1 Pro,qwen3.5-2b,Qwen3.5-2B,csr|csr,csr,csr,,,0.7709999999999999,0.745,0.798,True,1000
gemini-3.1-pro,Gemini 3.1 Pro,qwen3.5-2b,Qwen3.5-2B,element_f1|micro|compiled_only,element_f1,micro,compiled_only,,0.0825718050106321,0.04480071239774413,0.12451861093433038,True,1000
gemini-3.1-pro,Gemini 3.1 Pro,qwen3.5-2b,Qwen3.5-2B,element_f1|macro|compiled_only,element_f1,macro,compiled_only,,0.10157588265409201,0.06608530500785843,0.1414859000780254,True,1000
gemini-3.1-pro,Gemini 3.1 Pro,qwen3.5-2b,Qwen3.5-2B,relationship_f1|micro|compiled_only,relationship_f1,micro,compiled_only,,0.41182066458739647,0.3401544211812255,0.4808593470462481,True,1000
gemini-3.1-pro,Gemini 3.1 Pro,qwen3.5-2b,Qwen3.5-2B,relationship_f1|macro|compiled_only,relationship_f1,macro,compiled_only,,0.4357708144650391,0.3737984087582391,0.4933285160538838,True,1000
gemini-3.1-pro,Gemini 3.1 Pro,qwen3.5-2b,Qwen3.5-2B,chrf|macro|compiled_only,chrf,macro,compiled_only,,13.559651502995337,11.47342520051802,15.608749977768461,True,1000
gemini-3.1-pro,Gemini 3.1 Pro,qwen3.5-2b,Qwen3.5-2B,element_f1|micro|zeros_for_failed,element_f1,micro,zeros_for_failed,,0.6992708914555184,0.6614490734137539,0.7353260784584026,True,1000
gemini-3.1-pro,Gemini 3.1 Pro,qwen3.5-2b,Qwen3.5-2B,element_f1|macro|zeros_for_failed,element_f1,macro,zeros_for_failed,,0.764876783052221,0.7394009111878287,0.79031761593059,True,1000
gemini-3.1-pro,Gemini 3.1 Pro,qwen3.5-2b,Qwen3.5-2B,relationship_f1|micro|zeros_for_failed,relationship_f1,micro,zeros_for_failed,,0.7607235654216759,0.7291820174328721,0.7896166509030819,True,1000
gemini-3.1-pro,Gemini 3.1 Pro,qwen3.5-2b,Qwen3.5-2B,relationship_f1|macro|zeros_for_failed,relationship_f1,macro,zeros_for_failed,,0.7405113761274401,0.7147617243862964,0.7640880830830372,True,1000
gemini-3.1-pro,Gemini 3.1 Pro,qwen3.5-2b,Qwen3.5-2B,chrf|macro|zeros_for_failed,chrf,macro,zeros_for_failed,,62.63413225055758,60.79571108530234,64.59261083756313,True,1000
gemini-3.1-pro,Gemini 3.1 Pro,qwen3.5-2b,Qwen3.5-2B,type_accuracy|accuracy|compiled_only,type_accuracy,accuracy,compiled_only,,0.22536357066213364,0.17472418971937653,0.279411962310919,True,1000
gemini-3.1-pro,Gemini 3.1 Pro,qwen3.5-2b,Qwen3.5-2B,relationship_f1::inheritance|micro|compiled_only,relationship_f1,micro,compiled_only,inheritance,0.47720980326736556,0.3317971361560223,0.6284609120515232,True,1000
gemini-3.1-pro,Gemini 3.1 Pro,qwen3.5-2b,Qwen3.5-2B,relationship_f1::composition|micro|compiled_only,relationship_f1,micro,compiled_only,composition,0.7947445408003343,0.6935635868126967,0.8831670223317605,True,1000
gemini-3.1-pro,Gemini 3.1 Pro,qwen3.5-2b,Qwen3.5-2B,relationship_f1::aggregation|micro|compiled_only,relationship_f1,micro,compiled_only,aggregation,0.7286900182223122,0.5536862483051784,0.8729857203265784,True,1000
gemini-3.1-pro,Gemini 3.1 Pro,qwen3.5-2b,Qwen3.5-2B,relationship_f1::dependency|micro|compiled_only,relationship_f1,micro,compiled_only,dependency,0.7498265616987905,0.6662316836115542,0.8325991095116629,True,1000
gemini-3.1-pro,Gemini 3.1 Pro,qwen3.5-2b,Qwen3.5-2B,relationship_f1::association|micro|compiled_only,relationship_f1,micro,compiled_only,association,0.6174646781789639,0.5144743322056934,0.7168490981337483,True,1000
gemini-3.1-pro,Gemini 3.1 Pro,qwen3.5-2b,Qwen3.5-2B,relationship_f1::message|micro|compiled_only,relationship_f1,micro,compiled_only,message,0.2602102684101669,0.18355737374415,0.3378394591004135,True,1000
gemini-3.1-pro,Gemini 3.1 Pro,qwen3.5-2b,Qwen3.5-2B,relationship_f1::inheritance|micro|zeros_for_failed,relationship_f1,micro,zeros_for_failed,inheritance,0.8378105246896362,0.7823483150452504,0.8823430810112115,True,1000
gemini-3.1-pro,Gemini 3.1 Pro,qwen3.5-2b,Qwen3.5-2B,relationship_f1::composition|micro|zeros_for_failed,relationship_f1,micro,zeros_for_failed,composition,0.8105722945266535,0.7156983319989627,0.8852156323677914,True,1000
gemini-3.1-pro,Gemini 3.1 Pro,qwen3.5-2b,Qwen3.5-2B,relationship_f1::aggregation|micro|zeros_for_failed,relationship_f1,micro,zeros_for_failed,aggregation,0.7918367346938775,0.7103804332111189,0.8710806726266498,True,1000
gemini-3.1-pro,Gemini 3.1 Pro,qwen3.5-2b,Qwen3.5-2B,relationship_f1::dependency|micro|zeros_for_failed,relationship_f1,micro,zeros_for_failed,dependency,0.766183568793683,0.6917285260940139,0.8353507757358388,True,1000
gemini-3.1-pro,Gemini 3.1 Pro,qwen3.5-2b,Qwen3.5-2B,relationship_f1::association|micro|zeros_for_failed,relationship_f1,micro,zeros_for_failed,association,0.7465795284207606,0.6807065799272276,0.8062208012188399,True,1000
gemini-3.1-pro,Gemini 3.1 Pro,qwen3.5-2b,Qwen3.5-2B,relationship_f1::message|micro|zeros_for_failed,relationship_f1,micro,zeros_for_failed,message,0.7452334369614471,0.7017613208647117,0.7848621309663989,True,1000
gemini-3.1-pro,Gemini 3.1 Pro,qwen3.5-9b,Qwen3.5-9B,csr|csr,csr,csr,,,0.5409999999999999,0.5099750000000001,0.572,True,1000
gemini-3.1-pro,Gemini 3.1 Pro,qwen3.5-9b,Qwen3.5-9B,element_f1|micro|compiled_only,element_f1,micro,compiled_only,,0.11661066703518963,0.08435281896815355,0.1499049172159783,True,1000
gemini-3.1-pro,Gemini 3.1 Pro,qwen3.5-9b,Qwen3.5-9B,element_f1|macro|compiled_only,element_f1,macro,compiled_only,,0.10611064894309374,0.08220580277061412,0.13252768259872993,True,1000
gemini-3.1-pro,Gemini 3.1 Pro,qwen3.5-9b,Qwen3.5-9B,relationship_f1|micro|compiled_only,relationship_f1,micro,compiled_only,,0.45376514439023763,0.39143742720830305,0.5105599640947891,True,1000
gemini-3.1-pro,Gemini 3.1 Pro,qwen3.5-9b,Qwen3.5-9B,relationship_f1|macro|compiled_only,relationship_f1,macro,compiled_only,,0.4116962104623966,0.36864205260374877,0.45326668918761404,True,1000
gemini-3.1-pro,Gemini 3.1 Pro,qwen3.5-9b,Qwen3.5-9B,chrf|macro|compiled_only,chrf,macro,compiled_only,,15.272033645657139,13.806784577954893,16.732577535730506,True,1000
gemini-3.1-pro,Gemini 3.1 Pro,qwen3.5-9b,Qwen3.5-9B,element_f1|micro|zeros_for_failed,element_f1,micro,zeros_for_failed,,0.45451200972474787,0.4177725239647865,0.48935669961707867,True,1000
gemini-3.1-pro,Gemini 3.1 Pro,qwen3.5-9b,Qwen3.5-9B,element_f1|macro|zeros_for_failed,element_f1,macro,zeros_for_failed,,0.5688126476394318,0.5384417459740227,0.5967865223523616,True,1000
gemini-3.1-pro,Gemini 3.1 Pro,qwen3.5-9b,Qwen3.5-9B,relationship_f1|micro|zeros_for_failed,relationship_f1,micro,zeros_for_failed,,0.6742732651211889,0.6381207109463546,0.7060467728849403,True,1000
gemini-3.1-pro,Gemini 3.1 Pro,qwen3.5-9b,Qwen3.5-9B,relationship_f1|macro|zeros_for_failed,relationship_f1,macro,zeros_for_failed,,0.6461965794838744,0.616678722050644,0.6726070874124691,True,1000
gemini-3.1-pro,Gemini 3.1 Pro,qwen3.5-9b,Qwen3.5-9B,chrf|macro|zeros_for_failed,chrf,macro,zeros_for_failed,,48.61930938514909,46.41676642594824,50.656260604560195,True,1000
gemini-3.1-pro,Gemini 3.1 Pro,qwen3.5-9b,Qwen3.5-9B,type_accuracy|accuracy|compiled_only,type_accuracy,accuracy,compiled_only,,0.2277367772627169,0.1884601340871865,0.2690359756714738,True,1000
gemini-3.1-pro,Gemini 3.1 Pro,qwen3.5-9b,Qwen3.5-9B,relationship_f1::inheritance|micro|compiled_only,relationship_f1,micro,compiled_only,inheritance,0.3923875967624504,0.3095737971297204,0.48330857770120567,True,1000
gemini-3.1-pro,Gemini 3.1 Pro,qwen3.5-9b,Qwen3.5-9B,relationship_f1::composition|micro|compiled_only,relationship_f1,micro,compiled_only,composition,0.5858143365942996,0.4096275790509123,0.7226856861058293,True,1000
gemini-3.1-pro,Gemini 3.1 Pro,qwen3.5-9b,Qwen3.5-9B,relationship_f1::aggregation|micro|compiled_only,relationship_f1,micro,compiled_only,aggregation,0.6291229186552126,0.5194398820523398,0.7226322194679835,True,1000
gemini-3.1-pro,Gemini 3.1 Pro,qwen3.5-9b,Qwen3.5-9B,relationship_f1::dependency|micro|compiled_only,relationship_f1,micro,compiled_only,dependency,0.5422286357272312,0.44789508049952365,0.6420289589275279,True,1000
gemini-3.1-pro,Gemini 3.1 Pro,qwen3.5-9b,Qwen3.5-9B,relationship_f1::association|micro|compiled_only,relationship_f1,micro,compiled_only,association,0.4787914248268114,0.3889452875474164,0.5605087742480159,True,1000
gemini-3.1-pro,Gemini 3.1 Pro,qwen3.5-9b,Qwen3.5-9B,relationship_f1::message|micro|compiled_only,relationship_f1,micro,compiled_only,message,0.2984965760337631,0.19230431488331212,0.40316286966194265,True,1000
gemini-3.1-pro,Gemini 3.1 Pro,qwen3.5-9b,Qwen3.5-9B,relationship_f1::inheritance|micro|zeros_for_failed,relationship_f1,micro,zeros_for_failed,inheritance,0.5231448805521993,0.44463278847847304,0.6013622732587172,True,1000
gemini-3.1-pro,Gemini 3.1 Pro,qwen3.5-9b,Qwen3.5-9B,relationship_f1::composition|micro|zeros_for_failed,relationship_f1,micro,zeros_for_failed,composition,0.6869579056258454,0.5522760480060117,0.7961272995480366,True,1000
gemini-3.1-pro,Gemini 3.1 Pro,qwen3.5-9b,Qwen3.5-9B,relationship_f1::aggregation|micro|zeros_for_failed,relationship_f1,micro,zeros_for_failed,aggregation,0.6589743589743589,0.5630403279543222,0.7465745903513817,True,1000
gemini-3.1-pro,Gemini 3.1 Pro,qwen3.5-9b,Qwen3.5-9B,relationship_f1::dependency|micro|zeros_for_failed,relationship_f1,micro,zeros_for_failed,dependency,0.5824967824967824,0.4941883602510564,0.6795795236195379,True,1000
gemini-3.1-pro,Gemini 3.1 Pro,qwen3.5-9b,Qwen3.5-9B,relationship_f1::association|micro|zeros_for_failed,relationship_f1,micro,zeros_for_failed,association,0.5470531971169519,0.47941115283618385,0.6134633560690881,True,1000
gemini-3.1-pro,Gemini 3.1 Pro,qwen3.5-9b,Qwen3.5-9B,relationship_f1::message|micro|zeros_for_failed,relationship_f1,micro,zeros_for_failed,message,0.7412204802617857,0.6906527371311251,0.7885283263708217,True,1000
gemini-3.1-pro,Gemini 3.1 Pro,qwen3.5-27b,Qwen3.5-27B,csr|csr,csr,csr,,,0.371,0.33899999999999997,0.401,True,1000
gemini-3.1-pro,Gemini 3.1 Pro,qwen3.5-27b,Qwen3.5-27B,element_f1|micro|compiled_only,element_f1,micro,compiled_only,,0.04403468665579413,0.02026610759601575,0.07135866380742212,True,1000
gemini-3.1-pro,Gemini 3.1 Pro,qwen3.5-27b,Qwen3.5-27B,element_f1|macro|compiled_only,element_f1,macro,compiled_only,,0.0417645983460162,0.026258739782635664,0.05763180553588101,True,1000
gemini-3.1-pro,Gemini 3.1 Pro,qwen3.5-27b,Qwen3.5-27B,relationship_f1|micro|compiled_only,relationship_f1,micro,compiled_only,,0.1702207890525852,0.1250084932197881,0.21987927203032717,True,1000
gemini-3.1-pro,Gemini 3.1 Pro,qwen3.5-27b,Qwen3.5-27B,relationship_f1|macro|compiled_only,relationship_f1,macro,compiled_only,,0.1282074394551671,0.10241009591635757,0.15261038220204437,True,1000
gemini-3.1-pro,Gemini 3.1 Pro,qwen3.5-27b,Qwen3.5-27B,chrf|macro|compiled_only,chrf,macro,compiled_only,,9.635327399036328,8.488585595125238,10.860068266942802,True,1000
gemini-3.1-pro,Gemini 3.1 Pro,qwen3.5-27b,Qwen3.5-27B,element_f1|micro|zeros_for_failed,element_f1,micro,zeros_for_failed,,0.2693273921656878,0.2376236566556789,0.3021022429962298,True,1000
gemini-3.1-pro,Gemini 3.1 Pro,qwen3.5-27b,Qwen3.5-27B,element_f1|macro|zeros_for_failed,element_f1,macro,zeros_for_failed,,0.3778108626033302,0.34796091758027214,0.4083086267114917,True,1000
gemini-3.1-pro,Gemini 3.1 Pro,qwen3.5-27b,Qwen3.5-27B,relationship_f1|micro|zeros_for_failed,relationship_f1,micro,zeros_for_failed,,0.389728765578881,0.35403496994166794,0.42457788130982776,True,1000
gemini-3.1-pro,Gemini 3.1 Pro,qwen3.5-27b,Qwen3.5-27B,relationship_f1|macro|zeros_for_failed,relationship_f1,macro,zeros_for_failed,,0.40151162719272127,0.3728831002830063,0.4297212615988315,True,1000
gemini-3.1-pro,Gemini 3.1 Pro,qwen3.5-27b,Qwen3.5-27B,chrf|macro|zeros_for_failed,chrf,macro,zeros_for_failed,,34.61846638773782,32.40340941190577,36.84487263263084,True,1000
gemini-3.1-pro,Gemini 3.1 Pro,qwen3.5-27b,Qwen3.5-27B,type_accuracy|accuracy|compiled_only,type_accuracy,accuracy,compiled_only,,0.09753252189451966,0.07719488789871976,0.11921294746657894,True,1000
gemini-3.1-pro,Gemini 3.1 Pro,qwen3.5-27b,Qwen3.5-27B,relationship_f1::inheritance|micro|compiled_only,relationship_f1,micro,compiled_only,inheritance,0.1685775482904841,0.11109129521236116,0.22975196599771922,True,1000
gemini-3.1-pro,Gemini 3.1 Pro,qwen3.5-27b,Qwen3.5-27B,relationship_f1::composition|micro|compiled_only,relationship_f1,micro,compiled_only,composition,0.20573525287463756,0.08595632077874045,0.3241255736013508,True,1000
gemini-3.1-pro,Gemini 3.1 Pro,qwen3.5-27b,Qwen3.5-27B,relationship_f1::aggregation|micro|compiled_only,relationship_f1,micro,compiled_only,aggregation,0.19301683065039055,0.08129277650474215,0.3073317571420309,True,1000
gemini-3.1-pro,Gemini 3.1 Pro,qwen3.5-27b,Qwen3.5-27B,relationship_f1::dependency|micro|compiled_only,relationship_f1,micro,compiled_only,dependency,0.290672482497488,0.19131972890630974,0.3880781958057401,True,1000
gemini-3.1-pro,Gemini 3.1 Pro,qwen3.5-27b,Qwen3.5-27B,relationship_f1::association|micro|compiled_only,relationship_f1,micro,compiled_only,association,0.21747458365244543,0.14404240593717543,0.29265641556077016,True,1000
gemini-3.1-pro,Gemini 3.1 Pro,qwen3.5-27b,Qwen3.5-27B,relationship_f1::message|micro|compiled_only,relationship_f1,micro,compiled_only,message,0.1264520299978824,0.05842604619995118,0.20194047470743173,True,1000
gemini-3.1-pro,Gemini 3.1 Pro,qwen3.5-27b,Qwen3.5-27B,relationship_f1::inheritance|micro|zeros_for_failed,relationship_f1,micro,zeros_for_failed,inheritance,0.2722838402528015,0.20941657594256602,0.34044381143432595,True,1000
gemini-3.1-pro,Gemini 3.1 Pro,qwen3.5-27b,Qwen3.5-27B,relationship_f1::composition|micro|zeros_for_failed,relationship_f1,micro,zeros_for_failed,composition,0.39156204193486704,0.2501986267293302,0.5380094826797567,True,1000
gemini-3.1-pro,Gemini 3.1 Pro,qwen3.5-27b,Qwen3.5-27B,relationship_f1::aggregation|micro|zeros_for_failed,relationship_f1,micro,zeros_for_failed,aggregation,0.2896907216494845,0.19106639717303311,0.3970880200346609,True,1000
gemini-3.1-pro,Gemini 3.1 Pro,qwen3.5-27b,Qwen3.5-27B,relationship_f1::dependency|micro|zeros_for_failed,relationship_f1,micro,zeros_for_failed,dependency,0.34750285783092577,0.2630859153346224,0.43322420161681846,True,1000
gemini-3.1-pro,Gemini 3.1 Pro,qwen3.5-27b,Qwen3.5-27B,relationship_f1::association|micro|zeros_for_failed,relationship_f1,micro,zeros_for_failed,association,0.32753568827070406,0.2582198814321946,0.4037639062255846,True,1000
gemini-3.1-pro,Gemini 3.1 Pro,qwen3.5-27b,Qwen3.5-27B,relationship_f1::message|micro|zeros_for_failed,relationship_f1,micro,zeros_for_failed,message,0.4266349595501125,0.37723446713997777,0.47501522794902007,True,1000
qwen3.5-2b,Qwen3.5-2B,qwen3.5-9b,Qwen3.5-9B,csr|csr,csr,csr,,,-0.22999999999999998,-0.27002500000000007,-0.192975,True,1000
qwen3.5-2b,Qwen3.5-2B,qwen3.5-9b,Qwen3.5-9B,element_f1|micro|compiled_only,element_f1,micro,compiled_only,,0.034038862024557526,-0.016442160645072642,0.08456790392984005,False,1000
qwen3.5-2b,Qwen3.5-2B,qwen3.5-9b,Qwen3.5-9B,element_f1|macro|compiled_only,element_f1,macro,compiled_only,,0.004534766289001735,-0.04036231105228332,0.0492076842911068,False,1000
qwen3.5-2b,Qwen3.5-2B,qwen3.5-9b,Qwen3.5-9B,relationship_f1|micro|compiled_only,relationship_f1,micro,compiled_only,,0.04194447980284116,-0.04951314917406181,0.1301606772714345,False,1000
qwen3.5-2b,Qwen3.5-2B,qwen3.5-9b,Qwen3.5-9B,relationship_f1|macro|compiled_only,relationship_f1,macro,compiled_only,,-0.024074604002642552,-0.09852524161098754,0.05101660384515084,False,1000
qwen3.5-2b,Qwen3.5-2B,qwen3.5-9b,Qwen3.5-9B,chrf|macro|compiled_only,chrf,macro,compiled_only,,1.7123821426618022,-0.6235252706821558,4.142005665832289,False,1000
qwen3.5-2b,Qwen3.5-2B,qwen3.5-9b,Qwen3.5-9B,element_f1|micro|zeros_for_failed,element_f1,micro,zeros_for_failed,,-0.24475888173077043,-0.29122381488401844,-0.19845799069527242,True,1000
qwen3.5-2b,Qwen3.5-2B,qwen3.5-9b,Qwen3.5-9B,element_f1|macro|zeros_for_failed,element_f1,macro,zeros_for_failed,,-0.19606413541278916,-0.23233832872795437,-0.16052438149181864,True,1000
qwen3.5-2b,Qwen3.5-2B,qwen3.5-9b,Qwen3.5-9B,relationship_f1|micro|zeros_for_failed,relationship_f1,micro,zeros_for_failed,,-0.08645030030048696,-0.12385153809392299,-0.04949139109905892,True,1000
qwen3.5-2b,Qwen3.5-2B,qwen3.5-9b,Qwen3.5-9B,relationship_f1|macro|zeros_for_failed,relationship_f1,macro,zeros_for_failed,,-0.09431479664356573,-0.12344451984270993,-0.06591662674385061,True,1000
qwen3.5-2b,Qwen3.5-2B,qwen3.5-9b,Qwen3.5-9B,chrf|macro|zeros_for_failed,chrf,macro,zeros_for_failed,,-14.014822865408489,-16.588347697586844,-11.503099735043383,True,1000
qwen3.5-2b,Qwen3.5-2B,qwen3.5-9b,Qwen3.5-9B,type_accuracy|accuracy|compiled_only,type_accuracy,accuracy,compiled_only,,0.0023732066005832664,-0.061696260744439166,0.06728753997106594,False,1000
qwen3.5-2b,Qwen3.5-2B,qwen3.5-9b,Qwen3.5-9B,relationship_f1::inheritance|micro|compiled_only,relationship_f1,micro,compiled_only,inheritance,-0.08482220650491518,-0.24506807201521932,0.063249665654745,False,1000
qwen3.5-2b,Qwen3.5-2B,qwen3.5-9b,Qwen3.5-9B,relationship_f1::composition|micro|compiled_only,relationship_f1,micro,compiled_only,composition,-0.20893020420603475,-0.37638839568312005,-0.0892550135274594,True,1000
qwen3.5-2b,Qwen3.5-2B,qwen3.5-9b,Qwen3.5-9B,relationship_f1::aggregation|micro|compiled_only,relationship_f1,micro,compiled_only,aggregation,-0.0995670995670996,-0.2761917916337806,0.09556805138907003,False,1000
qwen3.5-2b,Qwen3.5-2B,qwen3.5-9b,Qwen3.5-9B,relationship_f1::dependency|micro|compiled_only,relationship_f1,micro,compiled_only,dependency,-0.20759792597155913,-0.2881982287459873,-0.11439440668194624,True,1000
qwen3.5-2b,Qwen3.5-2B,qwen3.5-9b,Qwen3.5-9B,relationship_f1::association|micro|compiled_only,relationship_f1,micro,compiled_only,association,-0.13867325335215241,-0.2545279353754107,-0.025133174614222435,True,1000
qwen3.5-2b,Qwen3.5-2B,qwen3.5-9b,Qwen3.5-9B,relationship_f1::message|micro|compiled_only,relationship_f1,micro,compiled_only,message,0.038286307623596194,-0.08654422098131621,0.16826414389925426,False,1000
qwen3.5-2b,Qwen3.5-2B,qwen3.5-9b,Qwen3.5-9B,relationship_f1::inheritance|micro|zeros_for_failed,relationship_f1,micro,zeros_for_failed,inheritance,-0.3146656441374369,-0.3884544568089385,-0.23863353442577026,True,1000
qwen3.5-2b,Qwen3.5-2B,qwen3.5-9b,Qwen3.5-9B,relationship_f1::composition|micro|zeros_for_failed,relationship_f1,micro,zeros_for_failed,composition,-0.12361438890080811,-0.21530519005847953,-0.05554808074168413,True,1000
qwen3.5-2b,Qwen3.5-2B,qwen3.5-9b,Qwen3.5-9B,relationship_f1::aggregation|micro|zeros_for_failed,relationship_f1,micro,zeros_for_failed,aggregation,-0.1328623757195186,-0.21344464714029932,-0.06824222755173757,True,1000
qwen3.5-2b,Qwen3.5-2B,qwen3.5-9b,Qwen3.5-9B,relationship_f1::dependency|micro|zeros_for_failed,relationship_f1,micro,zeros_for_failed,dependency,-0.1836867862969005,-0.24827831302984285,-0.11587910874343248,True,1000
qwen3.5-2b,Qwen3.5-2B,qwen3.5-9b,Qwen3.5-9B,relationship_f1::association|micro|zeros_for_failed,relationship_f1,micro,zeros_for_failed,association,-0.19952633130380865,-0.2675737381571701,-0.13345480194635428,True,1000
qwen3.5-2b,Qwen3.5-2B,qwen3.5-9b,Qwen3.5-9B,relationship_f1::message|micro|zeros_for_failed,relationship_f1,micro,zeros_for_failed,message,-0.004012956699661396,-0.05923894940687727,0.04881382671764352,False,1000
qwen3.5-2b,Qwen3.5-2B,qwen3.5-27b,Qwen3.5-27B,csr|csr,csr,csr,,,-0.39999999999999997,-0.436025,-0.35995000000000005,True,1000
qwen3.5-2b,Qwen3.5-2B,qwen3.5-27b,Qwen3.5-27B,element_f1|micro|compiled_only,element_f1,micro,compiled_only,,-0.038537118354837974,-0.08564463862127801,0.005687217513289918,False,1000
qwen3.5-2b,Qwen3.5-2B,qwen3.5-27b,Qwen3.5-27B,element_f1|macro|compiled_only,element_f1,macro,compiled_only,,-0.05981128430807581,-0.10214503229125517,-0.02267401869999455,True,1000
qwen3.5-2b,Qwen3.5-2B,qwen3.5-27b,Qwen3.5-27B,relationship_f1|micro|compiled_only,relationship_f1,micro,compiled_only,,-0.24159987553481127,-0.31854941982534835,-0.15731239789917226,True,1000
qwen3.5-2b,Qwen3.5-2B,qwen3.5-27b,Qwen3.5-27B,relationship_f1|macro|compiled_only,relationship_f1,macro,compiled_only,,-0.307563375009872,-0.3732915348009916,-0.24093819900963195,True,1000
qwen3.5-2b,Qwen3.5-2B,qwen3.5-27b,Qwen3.5-27B,chrf|macro|compiled_only,chrf,macro,compiled_only,,-3.924324103959009,-6.17118059636245,-1.6891860708073079,True,1000
qwen3.5-2b,Qwen3.5-2B,qwen3.5-27b,Qwen3.5-27B,element_f1|micro|zeros_for_failed,element_f1,micro,zeros_for_failed,,-0.4299434992898305,-0.4739221250266339,-0.3829556982052121,True,1000
qwen3.5-2b,Qwen3.5-2B,qwen3.5-27b,Qwen3.5-27B,element_f1|macro|zeros_for_failed,element_f1,macro,zeros_for_failed,,-0.3870659204488908,-0.4224927083481347,-0.3495855723915851,True,1000
qwen3.5-2b,Qwen3.5-2B,qwen3.5-27b,Qwen3.5-27B,relationship_f1|micro|zeros_for_failed,relationship_f1,micro,zeros_for_failed,,-0.3709947998427949,-0.41608539210966,-0.32588291757368043,True,1000
qwen3.5-2b,Qwen3.5-2B,qwen3.5-27b,Qwen3.5-27B,relationship_f1|macro|zeros_for_failed,relationship_f1,macro,zeros_for_failed,,-0.33899974893471885,-0.3716136393258211,-0.30589889370149553,True,1000
qwen3.5-2b,Qwen3.5-2B,qwen3.5-27b,Qwen3.5-27B,chrf|macro|zeros_for_failed,chrf,macro,zeros_for_failed,,-28.01566586281976,-30.520385143770543,-25.25634470028812,True,1000
qwen3.5-2b,Qwen3.5-2B,qwen3.5-27b,Qwen3.5-27B,type_accuracy|accuracy|compiled_only,type_accuracy,accuracy,compiled_only,,-0.12783104876761398,-0.18578662733124912,-0.07350628053037407,True,1000
qwen3.5-2b,Qwen3.5-2B,qwen3.5-27b,Qwen3.5-27B,relationship_f1::inheritance|micro|compiled_only,relationship_f1,micro,compiled_only,inheritance,-0.30863225497688146,-0.4693823208609436,-0.14403939274446315,True,1000
qwen3.5-2b,Qwen3.5-2B,qwen3.5-27b,Qwen3.5-27B,relationship_f1::composition|micro|compiled_only,relationship_f1,micro,compiled_only,composition,-0.5890092879256967,-0.7153331865089353,-0.4560683371912304,True,1000
qwen3.5-2b,Qwen3.5-2B,qwen3.5-27b,Qwen3.5-27B,relationship_f1::aggregation|micro|compiled_only,relationship_f1,micro,compiled_only,aggregation,-0.5356731875719216,-0.7117906574394464,-0.35711916051383796,True,1000
qwen3.5-2b,Qwen3.5-2B,qwen3.5-27b,Qwen3.5-27B,relationship_f1::dependency|micro|compiled_only,relationship_f1,micro,compiled_only,dependency,-0.4591540792013024,-0.5804814469242368,-0.3385095001127813,True,1000
qwen3.5-2b,Qwen3.5-2B,qwen3.5-27b,Qwen3.5-27B,relationship_f1::association|micro|compiled_only,relationship_f1,micro,compiled_only,association,-0.3999900945265184,-0.5183804742156325,-0.2813978386098838,True,1000
qwen3.5-2b,Qwen3.5-2B,qwen3.5-27b,Qwen3.5-27B,relationship_f1::message|micro|compiled_only,relationship_f1,micro,compiled_only,message,-0.1337582384122845,-0.2374598315006532,-0.021397232463045063,True,1000
qwen3.5-2b,Qwen3.5-2B,qwen3.5-27b,Qwen3.5-27B,relationship_f1::inheritance|micro|zeros_for_failed,relationship_f1,micro,zeros_for_failed,inheritance,-0.5655266844368347,-0.6347188955426284,-0.4929689907332465,True,1000
qwen3.5-2b,Qwen3.5-2B,qwen3.5-27b,Qwen3.5-27B,relationship_f1::composition|micro|zeros_for_failed,relationship_f1,micro,zeros_for_failed,composition,-0.4190102525917865,-0.5434333096138028,-0.2949254971746164,True,1000
qwen3.5-2b,Qwen3.5-2B,qwen3.5-27b,Qwen3.5-27B,relationship_f1::aggregation|micro|zeros_for_failed,relationship_f1,micro,zeros_for_failed,aggregation,-0.502146013044393,-0.6217812686423798,-0.3849983658566229,True,1000
qwen3.5-2b,Qwen3.5-2B,qwen3.5-27b,Qwen3.5-27B,relationship_f1::dependency|micro|zeros_for_failed,relationship_f1,micro,zeros_for_failed,dependency,-0.41868071096275716,-0.515948199416534,-0.3190333601815,True,1000
qwen3.5-2b,Qwen3.5-2B,qwen3.5-27b,Qwen3.5-27B,relationship_f1::association|micro|zeros_for_failed,relationship_f1,micro,zeros_for_failed,association,-0.4190438401500565,-0.4961522046719947,-0.3414958912013105,True,1000
qwen3.5-2b,Qwen3.5-2B,qwen3.5-27b,Qwen3.5-27B,relationship_f1::message|micro|zeros_for_failed,relationship_f1,micro,zeros_for_failed,message,-0.3185984774113345,-0.3821705425992149,-0.2568193838594531,True,1000
qwen3.5-9b,Qwen3.5-9B,qwen3.5-27b,Qwen3.5-27B,csr|csr,csr,csr,,,-0.16999999999999998,-0.20599999999999996,-0.12899999999999995,True,1000
qwen3.5-9b,Qwen3.5-9B,qwen3.5-27b,Qwen3.5-27B,element_f1|micro|compiled_only,element_f1,micro,compiled_only,,-0.0725759803793955,-0.11297275392471728,-0.03342383094417075,True,1000
qwen3.5-9b,Qwen3.5-9B,qwen3.5-27b,Qwen3.5-27B,element_f1|macro|compiled_only,element_f1,macro,compiled_only,,-0.06434605059707754,-0.08686314313341144,-0.03982531690023889,True,1000
qwen3.5-9b,Qwen3.5-9B,qwen3.5-27b,Qwen3.5-27B,relationship_f1|micro|compiled_only,relationship_f1,micro,compiled_only,,-0.28354435533765243,-0.3585971270206122,-0.2048309504112739,True,1000
qwen3.5-9b,Qwen3.5-9B,qwen3.5-27b,Qwen3.5-27B,relationship_f1|macro|compiled_only,relationship_f1,macro,compiled_only,,-0.28348877100722947,-0.32284899412616147,-0.23669477590221077,True,1000
qwen3.5-9b,Qwen3.5-9B,qwen3.5-27b,Qwen3.5-27B,chrf|macro|compiled_only,chrf,macro,compiled_only,,-5.636706246620811,-7.11957488849328,-4.173851134789636,True,1000
qwen3.5-9b,Qwen3.5-9B,qwen3.5-27b,Qwen3.5-27B,element_f1|micro|zeros_for_failed,element_f1,micro,zeros_for_failed,,-0.18518461755906007,-0.2273433498825412,-0.14044513003582093,True,1000
qwen3.5-9b,Qwen3.5-9B,qwen3.5-27b,Qwen3.5-27B,element_f1|macro|zeros_for_failed,element_f1,macro,zeros_for_failed,,-0.19100178503610166,-0.22529254827760398,-0.15531436912218122,True,1000
qwen3.5-9b,Qwen3.5-9B,qwen3.5-27b,Qwen3.5-27B,relationship_f1|micro|zeros_for_failed,relationship_f1,micro,zeros_for_failed,,-0.28454449954230787,-0.32985956928235044,-0.23910794676546543,True,1000
qwen3.5-9b,Qwen3.5-9B,qwen3.5-27b,Qwen3.5-27B,relationship_f1|macro|zeros_for_failed,relationship_f1,macro,zeros_for_failed,,-0.2446849522911531,-0.2722001057134871,-0.2133282428974163,True,1000
qwen3.5-9b,Qwen3.5-9B,qwen3.5-27b,Qwen3.5-27B,chrf|macro|zeros_for_failed,chrf,macro,zeros_for_failed,,-14.000842997411269,-16.400017012401822,-11.36008266243459,True,1000
qwen3.5-9b,Qwen3.5-9B,qwen3.5-27b,Qwen3.5-27B,type_accuracy|accuracy|compiled_only,type_accuracy,accuracy,compiled_only,,-0.13020425536819724,-0.1724483176512393,-0.09320659168560974,True,1000
qwen3.5-9b,Qwen3.5-9B,qwen3.5-27b,Qwen3.5-27B,relationship_f1::inheritance|micro|compiled_only,relationship_f1,micro,compiled_only,inheritance,-0.22381004847196628,-0.3157833336640053,-0.13103239041662057,True,1000
qwen3.5-9b,Qwen3.5-9B,qwen3.5-27b,Qwen3.5-27B,relationship_f1::composition|micro|compiled_only,relationship_f1,micro,compiled_only,composition,-0.380079083719662,-0.5388814557290775,-0.18243102013442009,True,1000
qwen3.5-9b,Qwen3.5-9B,qwen3.5-27b,Qwen3.5-27B,relationship_f1::aggregation|micro|compiled_only,relationship_f1,micro,compiled_only,aggregation,-0.4361060880048221,-0.5763926044155041,-0.28867752547937925,True,1000
qwen3.5-9b,Qwen3.5-9B,qwen3.5-27b,Qwen3.5-27B,relationship_f1::dependency|micro|compiled_only,relationship_f1,micro,compiled_only,dependency,-0.2515561532297433,-0.3764142513248183,-0.14559431924707025,True,1000
qwen3.5-9b,Qwen3.5-9B,qwen3.5-27b,Qwen3.5-27B,relationship_f1::association|micro|compiled_only,relationship_f1,micro,compiled_only,association,-0.261316841174366,-0.3546363519499278,-0.16412335566563405,True,1000
qwen3.5-9b,Qwen3.5-9B,qwen3.5-27b,Qwen3.5-27B,relationship_f1::message|micro|compiled_only,relationship_f1,micro,compiled_only,message,-0.1720445460358807,-0.3098608922832095,-0.03136878572880842,True,1000
qwen3.5-9b,Qwen3.5-9B,qwen3.5-27b,Qwen3.5-27B,relationship_f1::inheritance|micro|zeros_for_failed,relationship_f1,micro,zeros_for_failed,inheritance,-0.2508610402993978,-0.3261508783397328,-0.17705143460893297,True,1000
qwen3.5-9b,Qwen3.5-9B,qwen3.5-27b,Qwen3.5-27B,relationship_f1::composition|micro|zeros_for_failed,relationship_f1,micro,zeros_for_failed,composition,-0.29539586369097837,-0.426508863249228,-0.17222220900481644,True,1000
qwen3.5-9b,Qwen3.5-9B,qwen3.5-27b,Qwen3.5-27B,relationship_f1::aggregation|micro|zeros_for_failed,relationship_f1,micro,zeros_for_failed,aggregation,-0.36928363732487435,-0.4889153698691377,-0.23778275723139788,True,1000
qwen3.5-9b,Qwen3.5-9B,qwen3.5-27b,Qwen3.5-27B,relationship_f1::dependency|micro|zeros_for_failed,relationship_f1,micro,zeros_for_failed,dependency,-0.23499392466585667,-0.34397541115132774,-0.13737750805436835,True,1000
qwen3.5-9b,Qwen3.5-9B,qwen3.5-27b,Qwen3.5-27B,relationship_f1::association|micro|zeros_for_failed,relationship_f1,micro,zeros_for_failed,association,-0.21951750884624788,-0.30686647786630833,-0.1277816213219346,True,1000
qwen3.5-9b,Qwen3.5-9B,qwen3.5-27b,Qwen3.5-27B,relationship_f1::message|micro|zeros_for_failed,relationship_f1,micro,zeros_for_failed,message,-0.3145855207116731,-0.3802293261982635,-0.2528289316375829,True,1000
